Test,"Sharing the Pie : A Citizen's Guide to Wealth and Power" - "By Brodner -  Steve (ILT) and Brouwer
Test,"What Went Wrong at Enron: Everyone's Guide to the Largest Bankruptcy in U.S. History" - "By Fusaro -  Peter C. and Miller
Test,"Henry VIII (English Monarchs Series)" - "By Scarisbrick -  J. J."
Prova,"Love -  Love -  and Love"
Prova,"Conflicting Accounts: The Creation and Crash of the Saatchi and Saatchi Advertising Empire" - "By Goldman -  Kevin"
Prova,"The Addictive Organization: Why We Overwork -  Cover Up -  Pick Up the Pieces
Prova,"Henry VIII (English Monarchs Series)" - "By Scarisbrick -  J. J."
Libreriatest,"Don't Eat Your Heart Out Cookbook" - "By Piscatella -  Joseph C."
Libreriatest,"Amy Spangler's Breastfeeding : A Parent's Guide" - "By Spangler -  Amy"
Libreriatest,"Chicken Soup for the Soul: 101 Stories to Open the Heart and Rekindle the Spirit" - "By Canfield -  Jack (COM) and Hansen
Federico 1,"The Dieter's Guide to Weight Loss During Sex" - "By Smith -  Richard"
Federico 2,"The Foundation of Leadership: Enduring Principles to Govern Our Lives" - "By Short -  Bo"
Federico 2,"In Search of Melancholy Baby" - "By Aksyonov -  Vassily
Federico 2,"Germs : Biological Weapons and America's Secret War" - "By Miller -  Judith
Federico 2,"The Good Book: Reading the Bible with Mind and Heart" - "By Gomes -  Peter J."
Federico 2,"Prince William" - "By Garner -  Valerie"
Federico 2,"The Emperor's New Mind" - "By Penrose -  Roger"
Federico 2,"Relativity: The Special and the General Theory" - "By Albert Einstein" - "1961"
Federico 2,"Undercurrents: A Therapist's Reckoning With Her Own Depression" - "By Manning -  Martha"
Federico 2,"Ice Bound: A Doctor's Incredible Battle For Survival at the South Pole" - "By Nielsen -  Jerri and Vollers
